Timestamp(ms),Theta,Beta,FocusRatio
1780912571589,0,0,0
1780912571601,0,0,0
1780912571617,0,0,0
1780912571633,0,0,0
1780912571648,0,0,0
1780912571664,0,0,0
1780912571680,0,0,0
1780912571696,0,0,0
1780912571712,0,0,0
1780912571728,0,0,0
1780912571744,0,0,0
1780912571760,0,0,0
1780912571776,0,0,0
1780912571792,0,0,0
1780912571807,0,0,0
1780912571822,0,0,0
1780912571838,0,0,0
1780912571854,0,0,0
1780912571869,0,0,0
1780912571884,0,0,0
1780912571900,0,0,0
1780912571915,0,0,0
1780912571930,0,0,0
1780912571946,0,0,0
1780912571962,0,0,0
1780912571977,0,0,0
1780912571993,0,0,0
1780912572009,0,0,0
1780912572024,0,0,0
1780912572039,0,0,0
1780912572055,0,0,0
1780912572071,0,0,0
1780912572087,0,0,0
1780912572102,0,0,0
1780912572117,0,0,0
1780912572133,0,0,0
1780912572149,0,0,0
1780912572165,0,0,0
1780912572180,0,0,0
1780912572195,0,0,0
1780912572211,0,0,0
1780912572226,0,0,0
1780912572241,0,0,0
1780912572257,0,0,0
1780912572273,0,0,0
1780912572289,0,0,0
1780912572305,0,0,0
1780912572321,0,0,0
1780912572337,0,0,0
1780912572353,0,0,0
1780912572369,0,0,0
1780912572385,0,0,0
1780912572401,0,0,0
1780912572417,0,0,0
1780912572433,0,0,0
1780912572449,0,0,0
1780912572465,0,0,0
1780912572481,0,0,0
1780912572497,0,0,0
1780912572513,0,0,0
1780912572529,0,0,0
1780912572545,0,0,0
1780912572561,0,0,0
1780912572577,0,0,0
1780912572593,0,0,0
1780912572609,0,0,0
1780912572624,0,0,0
1780912572639,0,0,0
1780912572655,0,0,0
1780912572671,0,0,0
1780912572687,0,0,0
1780912572703,0,0,0
1780912572719,0,0,0
1780912572735,0,0,0
1780912572751,0,0,0
1780912572767,0,0,0
1780912572783,0,0,0
1780912572799,0,0,0
1780912572815,0,0,0
1780912572831,0,0,0
1780912572847,0,0,0
1780912572863,0,0,0
1780912572879,0,0,0
1780912572895,0,0,0
1780912572911,0,0,0
1780912572926,0,0,0
1780912572941,0,0,0
1780912572957,0,0,0
1780912572973,0,0,0
1780912572989,0,0,0
1780912573005,0,0,0
1780912573020,0,0,0
1780912573035,0,0,0
1780912573051,0,0,0
1780912573067,0,0,0
1780912573083,0,0,0
1780912573099,0.34172,0.197338,0.577483
1780912573115,0.342518,0.197835,0.57759
1780912573131,0.338309,0.198807,0.587651
1780912573147,0.408732,0.15526,0.379856
1780912573163,0.408732,0.15526,0.379856
1780912573179,0.40845,0.155208,0.379992
1780912573194,0.408358,0.154439,0.378195
1780912573209,0.407263,0.154763,0.380008
1780912573224,0.407087,0.154696,0.380006
1780912573240,0.406759,0.153824,0.378171
1780912573256,0.40635,0.154405,0.37998
1780912573272,0.406463,0.1537,0.378141
1780912573287,0.406439,0.153686,0.378129
1780912573302,0.406471,0.153695,0.378122
1780912573318,0.407264,0.15325,0.376291
1780912573334,0.406363,0.154385,0.37992
1780912573350,0.406785,0.15454,0.379907
1780912573366,0.406893,0.154583,0.37991
1780912573382,0.407055,0.153913,0.378115
1780912573398,0.403746,0.1384,0.342789
1780912573414,0.403308,0.138124,0.342476
1780912573430,0.403473,0.138306,0.342787
1780912573446,0.403433,0.13829,0.342783
1780912573462,0.403192,0.13808,0.342468
1780912573478,0.40327,0.138231,0.342774
1780912573494,0.403231,0.138217,0.342773
1780912573510,0.403123,0.138058,0.342472
1780912573526,0.403298,0.138244,0.342783
1780912573542,0.40326,0.13823,0.342782
1780912573558,0.402936,0.137993,0.342468
1780912573574,0.402872,0.137839,0.342141
1780912573590,0.403157,0.138195,0.342782
1780912573606,0.403362,0.138266,0.342785
1780912573623,0.403272,0.137856,0.341844
1780912573637,0.403338,0.138133,0.342473
1780912573652,0.403529,0.138324,0.342785
1780912573668,0.391394,0.138132,0.352923
1780912573684,0.391524,0.138107,0.352742
1780912573700,0.391536,0.13811,0.35274
1780912573715,0.391497,0.138097,0.352739
1780912573731,0.391363,0.138118,0.352916
1780912573747,0.391409,0.138133,0.352911
1780912573763,0.39146,0.138148,0.352904
1780912573779,0.391594,0.138126,0.352727
1780912573795,0.39167,0.13815,0.35272
1780912573811,0.391588,0.138189,0.352893
1780912573827,0.391706,0.138161,0.352717
1780912573843,0.391576,0.138186,0.352896
1780912573859,0.391575,0.138186,0.352896
1780912573875,0.391683,0.138155,0.352721
1780912573892,0.391683,0.138155,0.352721
1780912573907,0.391556,0.13818,0.352899
1780912573923,0.385174,0.141145,0.366444
1780912573939,0.385176,0.141145,0.366443
1780912573955,0.385092,0.141139,0.366507
1780912573972,0.385177,0.141145,0.366441
1780912573987,0.385177,0.141145,0.366441
1780912574003,0.385173,0.141144,0.366442
1780912574019,0.385085,0.141137,0.366509
1780912574035,0.385168,0.141142,0.366442
1780912574051,0.38508,0.141135,0.366509
1780912574067,0.385162,0.14114,0.366443
1780912574083,0.385079,0.141135,0.36651
1780912574100,0.385167,0.141142,0.366443
1780912574116,0.385085,0.141137,0.366509
1780912574131,0.385169,0.141142,0.366442
1780912574147,0.415137,0.13077,0.315004
1780912574163,0.415159,0.130777,0.315004
1780912574178,0.415163,0.130778,0.315003
1780912574194,0.415163,0.130778,0.315003
1780912574210,0.415111,0.130762,0.315004
1780912574225,0.414373,0.130679,0.315365
1780912574241,0.415096,0.130758,0.315006
1780912574257,0.414372,0.130679,0.315366
1780912574273,0.415112,0.130762,0.315005
1780912574288,0.414393,0.130684,0.315363
1780912574304,0.414395,0.130685,0.315363
1780912574320,0.415128,0.130767,0.315003
1780912574336,0.414395,0.130685,0.315364
1780912574352,0.414395,0.130685,0.315363
1780912574368,0.414394,0.130685,0.315363
1780912574384,0.415125,0.130766,0.315003
1780912574400,0.414393,0.130684,0.315363
1780912574416,0.415132,0.130768,0.315003
1780912574432,0.4144,0.130687,0.315363
1780912574448,0.4144,0.130687,0.315363
1780912574465,0.415133,0.130768,0.315003
1780912574480,0.414395,0.130685,0.315364
1780912574496,0.414391,0.130684,0.315364
1780912574512,0.415125,0.130766,0.315004
1780912574528,0.414093,0.130727,0.315695
1780912574544,0.414394,0.130685,0.315364
1780912574560,0.414395,0.130685,0.315364
1780912574577,0.414395,0.130685,0.315364
1780912574592,0.415128,0.130767,0.315003
1780912574608,0.415127,0.130766,0.315003
1780912574624,0.413674,0.130742,0.31605
1780912574640,0.415126,0.130766,0.315003
1780912574656,0.414094,0.130727,0.315694
1780912574672,0.384993,0.138088,0.358675
1780912574689,0.385916,0.138013,0.357624
1780912574704,0.385003,0.13809,0.358673
1780912574720,0.385002,0.13809,0.358673
1780912574736,0.385912,0.138012,0.357625
1780912574752,0.385912,0.138012,0.357626
1780912574768,0.384999,0.138089,0.358675
1780912574783,0.385003,0.13809,0.358673
1780912574799,0.385927,0.138015,0.35762
1780912574816,0.385006,0.13809,0.35867
1780912574831,0.384999,0.138089,0.358674
1780912574847,0.384997,0.138089,0.358676
1780912574863,0.384998,0.13809,0.358676
1780912574879,0.385002,0.138091,0.358675
1780912574895,0.385921,0.138015,0.357625
1780912574911,0.385921,0.138015,0.357625
1780912574927,0.385002,0.138091,0.358675
1780912574943,0.384998,0.138089,0.358675
1780912574959,0.384995,0.138088,0.358675
1780912574975,0.385917,0.138013,0.357624
1780912574991,0.384997,0.138089,0.358675
1780912575007,0.384994,0.138088,0.358676
1780912575023,0.385914,0.138012,0.357625
1780912575039,0.384995,0.138088,0.358676
1780912575055,0.385917,0.138013,0.357624
1780912575071,0.384382,0.138263,0.359703
1780912575087,0.385917,0.138013,0.357624
1780912575103,0.385917,0.138013,0.357625
1780912575119,0.385918,0.138014,0.357625
1780912575135,0.384998,0.138089,0.358675
1780912575151,0.384998,0.138089,0.358675
1780912575167,0.385917,0.138013,0.357624
1780912575183,0.363672,0.14541,0.39984
1780912575199,0.363672,0.145411,0.39984
1780912575216,0.362745,0.14551,0.401137
1780912575231,0.362746,0.145511,0.401136
1780912575247,0.363679,0.145412,0.399836
1780912575263,0.362744,0.14551,0.401136
1780912575280,0.363675,0.145411,0.399838
1780912575296,0.363675,0.145411,0.399839
1780912575312,0.362743,0.14551,0.401139
1780912575326,0.362743,0.14551,0.401138
1780912575342,0.363675,0.145411,0.399839
1780912575358,0.362742,0.14551,0.401139
1780912575374,0.362743,0.14551,0.401138
1780912575390,0.363677,0.145412,0.399838
1780912575407,0.362747,0.145511,0.401137
1780912575422,0.363679,0.145412,0.399837
1780912575437,0.362745,0.145511,0.401137
1780912575453,0.363675,0.145411,0.399838
1780912575470,0.363674,0.145411,0.399839
1780912575485,0.363674,0.145411,0.399839
1780912575501,0.362741,0.145509,0.401139
1780912575517,0.363674,0.145411,0.399839
1780912575534,0.362741,0.14551,0.401139
1780912575549,0.363674,0.145411,0.399839
1780912575565,0.363675,0.145411,0.399839
1780912575581,0.362743,0.14551,0.401138
1780912575597,0.362743,0.14551,0.401138
1780912575613,0.363675,0.145411,0.399839
1780912575630,0.363674,0.145411,0.399839
1780912575646,0.363674,0.145411,0.399839
1780912575661,0.363674,0.145411,0.399839
1780912575677,0.362741,0.14551,0.401139
1780912575693,0.363674,0.145411,0.399839
1780912575710,0.351196,0.15358,0.437306
1780912575724,0.351199,0.153581,0.437306
1780912575739,0.351203,0.153583,0.437305
1780912575756,0.352085,0.153365,0.435591
1780912575771,0.351204,0.153583,0.437305
1780912575788,0.352084,0.153365,0.435591
1780912575804,0.352083,0.153365,0.435591
1780912575819,0.35208,0.153363,0.435592
1780912575836,0.351199,0.153581,0.437305
1780912575851,0.351197,0.153581,0.437306
1780912575867,0.351198,0.153581,0.437306
1780912575882,0.352078,0.153362,0.435592
1780912575899,0.351197,0.15358,0.437306
1780912575915,0.35208,0.153363,0.435592
1780912575930,0.351199,0.153581,0.437306
1780912575946,0.352081,0.153364,0.435592
1780912575963,0.351201,0.153582,0.437305
1780912575979,0.351201,0.153582,0.437305
1780912575994,0.352082,0.153364,0.435592
1780912576010,0.3512,0.153582,0.437305
1780912576026,0.352081,0.153364,0.435592
1780912576043,0.350557,0.153896,0.439004
1780912576059,0.350558,0.153896,0.439004
1780912576075,0.352082,0.153364,0.435592
1780912576091,0.351201,0.153582,0.437305
1780912576106,0.352082,0.153364,0.435592
1780912576123,0.3512,0.153582,0.437305
1780912576138,0.352081,0.153364,0.435592
1780912576154,0.352081,0.153363,0.435592
1780912576169,0.3512,0.153581,0.437305
1780912576184,0.351201,0.153582,0.437305
1780912576200,0.352082,0.153364,0.435592
1780912576216,0.344216,0.167022,0.485224
1780912576231,0.344218,0.167023,0.485224
1780912576246,0.343336,0.167328,0.48736
1780912576262,0.344227,0.167028,0.485226
1780912576277,0.344227,0.167028,0.485226
1780912576293,0.344227,0.167028,0.485226
1780912576310,0.344227,0.167028,0.485226
1780912576325,0.344227,0.167028,0.485226
1780912576340,0.34334,0.16733,0.487361
1780912576356,0.344226,0.167027,0.485226
1780912576372,0.344229,0.167029,0.485226
1780912576388,0.34268,0.167735,0.48948
1780912576404,0.343349,0.167335,0.487362
1780912576420,0.343346,0.167334,0.487361
1780912576435,0.344224,0.167026,0.485225
1780912576451,0.344223,0.167026,0.485225
1780912576467,0.344223,0.167026,0.485225
1780912576482,0.344223,0.167026,0.485225
1780912576497,0.343338,0.16733,0.487361
1780912576513,0.344226,0.167027,0.485226
1780912576529,0.343341,0.167331,0.487361
1780912576545,0.343342,0.167331,0.487361
1780912576561,0.343342,0.167331,0.487361
1780912576576,0.344227,0.167028,0.485226
1780912576591,0.343341,0.167331,0.487361
1780912576607,0.344227,0.167028,0.485226
1780912576623,0.343341,0.167331,0.487361
1780912576638,0.343341,0.167331,0.487361
1780912576654,0.343341,0.167331,0.487361
1780912576670,0.344226,0.167027,0.485226
1780912576686,0.343343,0.167332,0.487361
1780912576701,0.344229,0.167029,0.485226
1780912576716,0.344228,0.167028,0.485226
1780912576731,0.343342,0.167332,0.487361
1780912576746,0.333864,0.174252,0.521925
1780912576762,0.333861,0.17425,0.521924
1780912576778,0.333863,0.174251,0.521924
1780912576794,0.334757,0.174001,0.519784
1780912576810,0.334761,0.174003,0.519784
1780912576825,0.333871,0.174256,0.521925
1780912576841,0.333872,0.174256,0.521925
1780912576857,0.333872,0.174256,0.521925
1780912576873,0.333871,0.174256,0.521925
1780912576889,0.334762,0.174004,0.519785
1780912576905,0.334761,0.174004,0.519785
1780912576921,0.334761,0.174004,0.519785
1780912576937,0.33476,0.174003,0.519785
1780912576953,0.334758,0.174002,0.519785
1780912576969,0.334758,0.174002,0.519785
1780912576984,0.33476,0.174003,0.519785
1780912577000,0.333869,0.174255,0.521925
1780912577016,0.334763,0.174005,0.519785
1780912577032,0.334763,0.174005,0.519785
1780912577048,0.333872,0.174256,0.521925
1780912577064,0.334765,0.174006,0.519785
1780912577079,0.334765,0.174006,0.519785
1780912577094,0.333872,0.174256,0.521925
1780912577110,0.334764,0.174005,0.519785
1780912577126,0.333871,0.174256,0.521925
1780912577142,0.334763,0.174004,0.519785
1780912577158,0.33387,0.174255,0.521925
1780912577173,0.33387,0.174255,0.521925
1780912577189,0.334762,0.174004,0.519785
1780912577205,0.334762,0.174004,0.519785
1780912577221,0.33387,0.174255,0.521925
1780912577237,0.334763,0.174005,0.519785
1780912577253,0.327041,0.177076,0.541449
1780912577269,0.327044,0.177078,0.54145
1780912577285,0.327045,0.177078,0.54145
1780912577300,0.327046,0.177079,0.54145
1780912577316,0.327047,0.17708,0.54145
1780912577332,0.327918,0.176816,0.539207
1780912577348,0.327047,0.17708,0.54145
1780912577364,0.327047,0.17708,0.54145
1780912577380,0.327047,0.177079,0.54145
1780912577396,0.327045,0.177078,0.541449
1780912577412,0.327045,0.177078,0.541449
1780912577428,0.327046,0.177079,0.541449
1780912577444,0.327917,0.176815,0.539207
1780912577460,0.327047,0.17708,0.54145
1780912577476,0.327917,0.176815,0.539208
1780912577491,0.327917,0.176816,0.539208
1780912577507,0.327047,0.17708,0.54145
1780912577523,0.327047,0.17708,0.54145
1780912577540,0.327917,0.176815,0.539207
1780912577556,0.327917,0.176815,0.539207
1780912577571,0.327047,0.17708,0.54145
1780912577587,0.327917,0.176815,0.539207
1780912577603,0.327047,0.17708,0.54145
1780912577619,0.327047,0.17708,0.54145
1780912577635,0.327047,0.17708,0.54145
1780912577651,0.327047,0.17708,0.54145
1780912577666,0.327917,0.176815,0.539207
1780912577682,0.327047,0.177079,0.54145
1780912577697,0.327047,0.177079,0.54145
1780912577713,0.327047,0.17708,0.54145
1780912577729,0.327917,0.176815,0.539207
1780912577745,0.327047,0.17708,0.54145
1780912577761,0.320197,0.181872,0.568001
1780912577777,0.321783,0.181195,0.563098
1780912577793,0.321783,0.181195,0.563098
1780912577809,0.3209,0.181487,0.565557
1780912577825,0.3209,0.181487,0.565557
1780912577840,0.320901,0.181488,0.565557
1780912577855,0.32178,0.181194,0.563098
1780912577870,0.32178,0.181194,0.563098
1780912577885,0.32178,0.181194,0.563099
1780912577901,0.32178,0.181194,0.563099
1780912577916,0.320904,0.18149,0.565558
1780912577932,0.321786,0.181197,0.563098
1780912577949,0.321786,0.181197,0.563098
1780912577965,0.321785,0.181197,0.563098
1780912577980,0.320195,0.181871,0.568001
1780912577995,0.320194,0.18187,0.568001
1780912578011,0.3209,0.181488,0.565558
1780912578027,0.3209,0.181488,0.565558
1780912578043,0.321781,0.181194,0.563099
1780912578059,0.32178,0.181194,0.563098
1780912578076,0.32178,0.181194,0.563098
1780912578091,0.32178,0.181194,0.563098
1780912578107,0.321781,0.181194,0.563098
1780912578123,0.321782,0.181195,0.563098
1780912578138,0.321782,0.181195,0.563098
1780912578153,0.321781,0.181195,0.563098
1780912578168,0.321781,0.181195,0.563098
1780912578184,0.320195,0.181871,0.568001
1780912578199,0.321781,0.181194,0.563099
1780912578214,0.321776,0.181192,0.563099
1780912578229,0.321772,0.181189,0.563099
1780912578246,0.320888,0.181481,0.565559
1780912578261,0.320181,0.181863,0.568002
1780912578276,0.320894,0.181484,0.565558
1780912578292,0.315638,0.186098,0.589594
1780912578307,0.313822,0.186656,0.594784
1780912578322,0.315351,0.185921,0.589569
1780912578338,0.314437,0.186205,0.592184
1780912578354,0.315428,0.185972,0.589585
1780912578369,0.314761,0.186407,0.592217
1780912578385,0.314798,0.186429,0.592218
1780912578400,0.315671,0.18612,0.589599
1780912578416,0.315666,0.186116,0.589598
1780912578431,0.315637,0.186097,0.589592
1780912578447,0.314747,0.186395,0.592205
1780912578463,0.315624,0.186089,0.589589
1780912578479,0.315631,0.186093,0.58959
1780912578495,0.315639,0.186098,0.589592
1780912578510,0.315654,0.186108,0.589595
1780912578526,0.31566,0.186112,0.589597
1780912578541,0.314794,0.186426,0.592217
1780912578557,0.315671,0.18612,0.589601
1780912578573,0.314798,0.186429,0.592218
1780912578588,0.315677,0.186124,0.589604
1780912578604,0.315677,0.186124,0.589604
1780912578620,0.314804,0.186433,0.592219
1780912578636,0.315679,0.186125,0.589603
1780912578651,0.314803,0.186432,0.592218
1780912578667,0.314802,0.186431,0.592218
1780912578683,0.315676,0.186123,0.589601
1780912578698,0.315675,0.186123,0.589601
1780912578714,0.314087,0.186824,0.594816
1780912578729,0.314798,0.186429,0.592217
1780912578745,0.315673,0.186121,0.589602
1780912578761,0.314798,0.186429,0.592218
1780912578777,0.357541,0.154285,0.431516
1780912578793,0.357541,0.154285,0.431516
1780912578809,0.359226,0.152394,0.424229
1780912578824,0.357485,0.154246,0.431476
1780912578840,0.357532,0.154262,0.431464
1780912578856,0.358384,0.15334,0.427866
1780912578871,0.357719,0.154335,0.431441
1780912578887,0.35962,0.152542,0.424176
1780912578903,0.35786,0.154395,0.431441
1780912578918,0.357917,0.154422,0.431446
1780912578934,0.357924,0.154427,0.431452
1780912578949,0.357886,0.154417,0.431469
1780912578965,0.357872,0.154412,0.431473
1780912578981,0.357792,0.154384,0.43149
1780912578996,0.357771,0.154376,0.431493
1780912579011,0.357751,0.154368,0.431495
1780912579027,0.359482,0.152508,0.424242
1780912579043,0.35765,0.154327,0.431502
1780912579058,0.357647,0.154325,0.4315
1780912579074,0.360416,0.15156,0.420516
1780912579090,0.357679,0.154336,0.431494
1780912579106,0.357684,0.154338,0.431493
1780912579123,0.357707,0.154348,0.431492
1780912579138,0.357714,0.15435,0.431491
1780912579154,0.357721,0.154353,0.431491
1780912579170,0.357726,0.154356,0.431491
1780912579186,0.357723,0.154355,0.431493
1780912579202,0.357718,0.154353,0.431495
1780912579218,0.357718,0.154353,0.431495
1780912579234,0.359507,0.152516,0.424236
1780912579249,0.357718,0.154354,0.431496
1780912579265,0.357719,0.154354,0.431496
1780912579281,0.357719,0.154354,0.431496
1780912579297,0.357717,0.154353,0.431496
1780912579313,0.45081,0.0664892,0.147488
1780912579329,0.450526,0.0670802,0.148893
1780912579345,0.450558,0.0670846,0.148892
1780912579361,0.450558,0.0670846,0.148892
1780912579377,0.450542,0.0670823,0.148893
1780912579393,0.451254,0.0659275,0.146098
1780912579408,0.450515,0.0670787,0.148893
1780912579424,0.450515,0.0670787,0.148893
1780912579440,0.450497,0.0670761,0.148894
1780912579455,0.451227,0.0659238,0.146099
1780912579471,0.450493,0.0670757,0.148894
1780912579487,0.451601,0.065361,0.144732
1780912579503,0.450842,0.0664935,0.147487
1780912579519,0.450854,0.0664951,0.147487
1780912579535,0.450513,0.0670785,0.148894
1780912579551,0.450487,0.0670749,0.148894
1780912579567,0.450487,0.0670749,0.148894
1780912579583,0.450824,0.0664909,0.147488
1780912579599,0.450494,0.0670758,0.148894
1780912579614,0.450493,0.0670757,0.148894
1780912579630,0.45123,0.0659243,0.146099
1780912579646,0.450498,0.0670764,0.148894
1780912579661,0.450498,0.0670764,0.148894
1780912579677,0.451229,0.0659241,0.146099
1780912579693,0.450832,0.066492,0.147487
1780912579709,0.451229,0.0659241,0.146099
1780912579725,0.450833,0.0664921,0.147487
1780912579741,0.450833,0.0664922,0.147487
1780912579757,0.450498,0.0670764,0.148894
1780912579773,0.450498,0.0670764,0.148894
1780912579789,0.450496,0.067076,0.148894
1780912579805,0.451225,0.0659236,0.146099
1780912579821,0.458055,0.0443662,0.0968577
1780912579837,0.457972,0.0440581,0.0962026
1780912579853,0.458061,0.0443667,0.0968576
1780912579869,0.45805,0.0443654,0.096857
1780912579883,0.45805,0.0443654,0.096857
1780912579899,0.458049,0.0443653,0.096857
1780912579916,0.458047,0.0443651,0.096857
1780912579932,0.458054,0.0443658,0.0968572
1780912579947,0.457967,0.0440573,0.096202
1780912579963,0.458057,0.0443661,0.0968572
1780912579979,0.457968,0.0440574,0.096202
1780912579995,0.458058,0.0443662,0.0968572
1780912580011,0.457967,0.0440574,0.096202
1780912580026,0.457992,0.0442089,0.0965277
1780912580042,0.458055,0.044366,0.0968572
1780912580057,0.457991,0.0442088,0.0965277
1780912580073,0.458055,0.044366,0.0968572
1780912580090,0.458055,0.0443659,0.0968572
1780912580105,0.457967,0.0440574,0.0962021
1780912580122,0.458059,0.0443664,0.0968574
1780912580138,0.458057,0.0443662,0.0968573
1780912580153,0.457992,0.044209,0.0965278
1780912580169,0.457967,0.0440573,0.0962021
1780912580185,0.45799,0.0442087,0.0965277
1780912580201,0.458053,0.0443657,0.0968572
1780912580217,0.457962,0.0440569,0.096202
1780912580233,0.458053,0.0443658,0.0968572
1780912580248,0.457963,0.044057,0.096202
1780912580264,0.45799,0.0442087,0.0965277
1780912580281,0.458055,0.0443659,0.0968572
1780912580297,0.458055,0.0443659,0.0968572
1780912580313,0.457965,0.0440572,0.096202
1780912580329,0.458056,0.044366,0.0968572
1780912580344,0.451877,0.0436721,0.0966459
1780912580359,0.451877,0.0436721,0.0966459
1780912580375,0.451866,0.0435438,0.0963643
1780912580391,0.451865,0.0435438,0.0963645
1780912580407,0.451877,0.0436721,0.0966459
1780912580423,0.451877,0.0436721,0.0966459
1780912580439,0.45184,0.0433513,0.095944
1780912580454,0.451855,0.0436066,0.0965057
1780912580471,0.451868,0.0435441,0.0963646
1780912580486,0.451867,0.043544,0.0963647
1780912580503,0.451854,0.0436064,0.0965057
1780912580519,0.451866,0.043544,0.0963648
1780912580535,0.451854,0.0436064,0.0965057
1780912580550,0.451854,0.0436064,0.0965056
1780912580566,0.451878,0.0436722,0.0966459
1780912580582,0.451854,0.0436064,0.0965056
1780912580598,0.451878,0.0436721,0.0966459
1780912580613,0.451867,0.043544,0.0963647
1780912580628,0.451854,0.0436064,0.0965057
1780912580643,0.451878,0.0436722,0.096646
1780912580659,0.451854,0.0436065,0.0965057
1780912580675,0.451854,0.0436065,0.0965057
1780912580691,0.451878,0.0436722,0.096646
1780912580707,0.451854,0.0436065,0.0965057
1780912580723,0.451854,0.0436065,0.0965057
1780912580739,0.451878,0.0436722,0.096646
1780912580754,0.451866,0.043544,0.0963647
1780912580770,0.451853,0.0436064,0.0965057
1780912580786,0.451878,0.0436722,0.096646
1780912580802,0.451854,0.0436064,0.0965057
1780912580818,0.451878,0.0436722,0.096646
1780912580834,0.451854,0.0436064,0.0965056
1780912580849,0.450832,0.046133,0.102329
1780912580865,0.450852,0.0460818,0.102211
1780912580881,0.450836,0.0461334,0.102329
1780912580897,0.450855,0.0461883,0.102446
1780912580913,0.450855,0.0461883,0.102446
1780912580929,0.450834,0.0461332,0.102328
1780912580946,0.450853,0.0461881,0.102446
1780912580962,0.450853,0.0461881,0.102446
1780912580977,0.450853,0.0461881,0.102446
1780912580994,0.450853,0.0461881,0.102446
1780912581010,0.450834,0.0461332,0.102329
1780912581025,0.450853,0.0461881,0.102446
1780912581041,0.450852,0.0460818,0.10221
1780912581057,0.450835,0.0461332,0.102329
1780912581073,0.450853,0.0461881,0.102446
1780912581089,0.450853,0.0461881,0.102446
1780912581105,0.450853,0.0461881,0.102446
1780912581121,0.450833,0.0461331,0.102329
1780912581137,0.450852,0.046188,0.102446
1780912581153,0.450834,0.0461331,0.102329
1780912581169,0.450834,0.0461332,0.102329
1780912581184,0.450853,0.0461881,0.102446
1780912581200,0.450853,0.0461881,0.102446
1780912581216,0.450853,0.0461881,0.102446
1780912581232,0.450853,0.0461881,0.102446
1780912581247,0.450853,0.0461881,0.102446
1780912581262,0.450834,0.0461332,0.102329
1780912581277,0.450834,0.0461332,0.102329
1780912581293,0.450834,0.0461332,0.102329
1780912581309,0.450853,0.0461881,0.102446
1780912581325,0.450853,0.0461881,0.102446
1780912581341,0.450853,0.0461881,0.102446
1780912581356,0.449379,0.0491741,0.109427
1780912581372,0.449405,0.0492264,0.109537
1780912581389,0.449379,0.0491741,0.109427
1780912581404,0.449405,0.0492264,0.109537
1780912581420,0.449378,0.049174,0.109427
1780912581436,0.449378,0.049174,0.109427
1780912581452,0.449378,0.049174,0.109427
1780912581468,0.449388,0.0491252,0.109316
1780912581484,0.449379,0.0491741,0.109427
1780912581500,0.449388,0.0491252,0.109316
1780912581516,0.449379,0.0491741,0.109427
1780912581532,0.449405,0.0492264,0.109537
1780912581548,0.449379,0.0491741,0.109427
1780912581563,0.449405,0.0492264,0.109537
1780912581579,0.449405,0.0492264,0.109537
1780912581595,0.449379,0.0491741,0.109427
1780912581611,0.449379,0.0491741,0.109427
1780912581627,0.449405,0.0492264,0.109537
1780912581642,0.449405,0.0492264,0.109537
1780912581658,0.449378,0.049174,0.109427
1780912581674,0.449378,0.049174,0.109427
1780912581690,0.449405,0.0492264,0.109537
1780912581706,0.449379,0.0491741,0.109427
1780912581722,0.449379,0.0491741,0.109427
1780912581738,0.449379,0.0491741,0.109427
1780912581754,0.449389,0.0491253,0.109316
1780912581770,0.449379,0.0491741,0.109427
1780912581786,0.449379,0.0491741,0.109427
1780912581802,0.449379,0.0491741,0.109427
1780912581817,0.449379,0.0491741,0.109427
1780912581833,0.449379,0.0491741,0.109427
1780912581848,0.449379,0.0491741,0.109427
1780912581864,0.449405,0.0492264,0.109537
1780912581880,0.447474,0.0516504,0.115426
1780912581896,0.447474,0.0516503,0.115426
1780912581912,0.447441,0.0515931,0.115307
1780912581927,0.447444,0.0515396,0.115187
1780912581943,0.447474,0.0516503,0.115426
1780912581959,0.447474,0.0516503,0.115426
1780912581974,0.447474,0.0516503,0.115426
1780912581990,0.447442,0.0515932,0.115307
1780912582005,0.447442,0.0515932,0.115307
1780912582020,0.447442,0.0515932,0.115307
1780912582036,0.447474,0.0516504,0.115426
1780912582051,0.447444,0.0515397,0.115187
1780912582067,0.447474,0.0516504,0.115426
1780912582083,0.447445,0.0515398,0.115187
1780912582099,0.447475,0.0516504,0.115426
1780912582115,0.447475,0.0516504,0.115426
1780912582131,0.447475,0.0516504,0.115426
1780912582146,0.447445,0.0515398,0.115187
1780912582161,0.447475,0.0516504,0.115426
1780912582177,0.447445,0.0515398,0.115187
1780912582193,0.447475,0.0516504,0.115426
1780912582209,0.447475,0.0516504,0.115426
1780912582225,0.447475,0.0516504,0.115426
1780912582241,0.447475,0.0516504,0.115426
1780912582256,0.447442,0.0515933,0.115307
1780912582273,0.447475,0.0516504,0.115426
1780912582289,0.447475,0.0516504,0.115426
1780912582304,0.447442,0.0515933,0.115307
1780912582321,0.447442,0.0515933,0.115307
1780912582337,0.447475,0.0516504,0.115426
1780912582353,0.447445,0.0515398,0.115187
1780912582369,0.447442,0.0515933,0.115307
1780912582385,0.447445,0.0515398,0.115187
1780912582401,0.444862,0.0537127,0.12074
1780912582417,0.444863,0.0537128,0.12074
1780912582433,0.444863,0.0537128,0.12074
1780912582449,0.444906,0.0537651,0.120846
1780912582464,0.444854,0.0536642,0.120633
1780912582479,0.444905,0.0537649,0.120846
1780912582494,0.444905,0.0537649,0.120846
1780912582509,0.444905,0.0537649,0.120846
1780912582524,0.444905,0.0537649,0.120846
1780912582539,0.444905,0.0537649,0.120846
1780912582555,0.444905,0.053765,0.120846
1780912582571,0.444862,0.0537127,0.12074
1780912582586,0.444905,0.0537649,0.120846
1780912582601,0.444862,0.0537126,0.12074
1780912582617,0.444862,0.0537126,0.12074
1780912582631,0.444905,0.0537649,0.120846
1780912582647,0.444905,0.0537649,0.120846
1780912582662,0.444862,0.0537126,0.12074
1780912582678,0.444905,0.0537649,0.120846
1780912582694,0.444905,0.0537649,0.120846
1780912582710,0.444862,0.0537127,0.12074
1780912582725,0.444862,0.0537127,0.12074
1780912582740,0.444905,0.053765,0.120846
1780912582755,0.444862,0.0537127,0.12074
1780912582771,0.444905,0.053765,0.120846
1780912582787,0.444905,0.0537649,0.120846
1780912582804,0.444905,0.0537649,0.120846
1780912582819,0.444905,0.0537649,0.120846
1780912582836,0.444905,0.0537649,0.120846
1780912582851,0.444854,0.0536642,0.120633
1780912582867,0.444905,0.0537649,0.120846
1780912582883,0.444905,0.0537649,0.120846
1780912582899,0.444854,0.0536642,0.120633
1780912582915,0.441558,0.0562052,0.127288
1780912582931,0.441494,0.0561131,0.127098
1780912582947,0.441558,0.0562052,0.127288
1780912582962,0.441558,0.0562052,0.127288
1780912582978,0.441558,0.0562052,0.127288
1780912582994,0.441494,0.0561131,0.127098
1780912583010,0.441509,0.0561572,0.127194
1780912583025,0.441509,0.0561572,0.127194
1780912583041,0.441508,0.0561571,0.127194
1780912583057,0.441557,0.0562051,0.127288
1780912583073,0.441557,0.056205,0.127288
1780912583089,0.441493,0.056113,0.127098
1780912583105,0.441557,0.0562051,0.127288
1780912583121,0.441508,0.0561572,0.127194
1780912583137,0.441558,0.0562052,0.127288
1780912583152,0.441508,0.0561571,0.127194
1780912583168,0.441558,0.0562051,0.127288
1780912583184,0.441493,0.0561131,0.127098
1780912583200,0.441558,0.0562051,0.127288
1780912583216,0.441558,0.0562051,0.127288
1780912583232,0.441558,0.0562051,0.127288
1780912583247,0.441558,0.0562051,0.127288
1780912583263,0.441509,0.0561572,0.127194
1780912583279,0.441558,0.0562052,0.127288
1780912583295,0.441508,0.0561571,0.127194
1780912583311,0.441558,0.0562051,0.127288
1780912583327,0.441558,0.0562051,0.127288
1780912583343,0.441558,0.0562051,0.127288
1780912583358,0.441494,0.0561131,0.127098
1780912583373,0.441508,0.0561572,0.127194
1780912583389,0.441558,0.0562052,0.127288
1780912583406,0.441509,0.0561572,0.127194
1780912583421,0.441471,0.056068,0.127003
1780912583437,0.438871,0.0582756,0.132785
1780912583453,0.438871,0.0582756,0.132785
1780912583469,0.438872,0.0582756,0.132785
1780912583485,0.438873,0.0582757,0.132785
1780912583501,0.438838,0.0582222,0.132674
1780912583517,0.438838,0.0582222,0.132674
1780912583533,0.438835,0.0581726,0.132561
1780912583549,0.438872,0.0582756,0.132785
1780912583565,0.438837,0.0582221,0.132674
1780912583581,0.438837,0.0582221,0.132674
1780912583597,0.438837,0.0582222,0.132674
1780912583613,0.438837,0.0582221,0.132674
1780912583630,0.438837,0.0582221,0.132674
1780912583645,0.438872,0.0582757,0.132785
1780912583661,0.438872,0.0582757,0.132785
1780912583677,0.438835,0.0581726,0.132561
1780912583693,0.438837,0.0582222,0.132674
1780912583709,0.438836,0.0581726,0.132561
1780912583725,0.438837,0.0582222,0.132674
1780912583741,0.438837,0.0582222,0.132674
1780912583757,0.438837,0.0582222,0.132674
1780912583773,0.438837,0.0582222,0.132674
1780912583789,0.438873,0.0582757,0.132785
1780912583805,0.438836,0.0581726,0.132561
1780912583821,0.438873,0.0582757,0.132785
1780912583837,0.438837,0.0582222,0.132674
1780912583853,0.438873,0.0582757,0.132785
1780912583869,0.438873,0.0582758,0.132785
1780912583885,0.438826,0.0581219,0.132449
1780912583901,0.438837,0.0582222,0.132674
1780912583916,0.438872,0.0582757,0.132785
1780912583932,0.438872,0.0582757,0.132785
1780912583948,0.437615,0.0595652,0.136113
1780912583964,0.437642,0.0596697,0.136343
1780912583980,0.437611,0.0596153,0.136229
1780912583996,0.437642,0.0596696,0.136343
1780912584013,0.437642,0.0596697,0.136343
1780912584029,0.437613,0.0596155,0.136229
1780912584045,0.437643,0.0596698,0.136343
1780912584060,0.437612,0.0596154,0.136229
1780912584076,0.437611,0.0596153,0.136229
1780912584092,0.437641,0.0596695,0.136343
1780912584108,0.437639,0.0596693,0.136343
1780912584124,0.437612,0.0595648,0.136113
1780912584140,0.43764,0.0596693,0.136343
1780912584156,0.43764,0.0596693,0.136343
1780912584172,0.437612,0.0596154,0.136229
1780912584189,0.437615,0.0595653,0.136113
1780912584204,0.437613,0.0596155,0.136229
1780912584220,0.437612,0.0596154,0.136229
1780912584236,0.437612,0.0596154,0.136229
1780912584253,0.437612,0.0596154,0.136229
1780912584269,0.437611,0.0596153,0.136229
1780912584284,0.437642,0.0596696,0.136343
1780912584300,0.437642,0.0596696,0.136343
1780912584316,0.437612,0.0596153,0.136229
1780912584333,0.437642,0.0596696,0.136343
1780912584348,0.437642,0.0596696,0.136343
1780912584364,0.437642,0.0596696,0.136343
1780912584381,0.437643,0.0596697,0.136343
1780912584395,0.437612,0.0596154,0.136229
1780912584411,0.437643,0.0596697,0.136343
1780912584427,0.437643,0.0596697,0.136343
1780912584443,0.437643,0.0596697,0.136343
1780912584459,0.436053,0.0612668,0.140503
1780912584475,0.436092,0.0613137,0.140598
1780912584491,0.436092,0.0613137,0.140598
1780912584507,0.436057,0.0612673,0.140503
1780912584523,0.436058,0.0612673,0.140503
1780912584539,0.436094,0.061314,0.140598
1780912584555,0.436057,0.0612672,0.140503
1780912584572,0.436093,0.0613138,0.140598
1780912584587,0.436057,0.0612671,0.140503
1780912584603,0.436053,0.0612247,0.140406
1780912584619,0.436093,0.0613138,0.140598
1780912584636,0.436054,0.0612248,0.140406
1780912584651,0.436094,0.0613138,0.140598
1780912584667,0.436093,0.0613138,0.140598
1780912584683,0.436057,0.0612671,0.140503
1780912584699,0.436056,0.061267,0.140503
1780912584715,0.436052,0.0612245,0.140407
1780912584731,0.436091,0.0613135,0.140598
1780912584747,0.436055,0.061267,0.140503
1780912584763,0.436053,0.0612246,0.140406
1780912584779,0.436056,0.061267,0.140503
1780912584795,0.436053,0.0612246,0.140406
1780912584811,0.436056,0.061267,0.140503
1780912584827,0.436092,0.0613136,0.140598
1780912584843,0.436092,0.0613136,0.140598
1780912584859,0.436056,0.061267,0.140503
1780912584875,0.436092,0.0613137,0.140598
1780912584891,0.436056,0.061267,0.140503
1780912584907,0.436092,0.0613136,0.140598
1780912584923,0.436092,0.0613136,0.140598
1780912584938,0.436092,0.0613136,0.140598
1780912584953,0.436092,0.0613136,0.140598
1780912584969,0.436092,0.0613136,0.140598
1780912584985,0.43482,0.0633584,0.145712
1780912585001,0.434817,0.0633955,0.145798
1780912585016,0.434847,0.0634369,0.145883
1780912585031,0.434846,0.0634368,0.145883
1780912585047,0.434845,0.0634367,0.145883
1780912585063,0.434815,0.0633953,0.145798
1780912585079,0.434845,0.0634367,0.145883
1780912585095,0.434815,0.0633953,0.145798
1780912585110,0.434846,0.0634369,0.145884
1780912585126,0.434816,0.0633955,0.145798
1780912585140,0.434817,0.0633955,0.145798
1780912585157,0.43482,0.0633584,0.145712
1780912585172,0.434846,0.0634369,0.145883
1780912585189,0.434817,0.0633955,0.145798
1780912585204,0.434817,0.0633955,0.145798
1780912585220,0.434816,0.0633954,0.145798
1780912585236,0.434846,0.0634368,0.145883
1780912585252,0.434816,0.0633954,0.145798
1780912585268,0.434846,0.0634368,0.145883
1780912585285,0.434846,0.0634368,0.145883
1780912585301,0.434819,0.0633583,0.145712
1780912585316,0.434846,0.0634369,0.145883
1780912585332,0.434819,0.0633582,0.145712
1780912585348,0.434846,0.0634368,0.145883
1780912585364,0.434815,0.0633953,0.145798
1780912585381,0.434845,0.0634368,0.145883
1780912585397,0.434816,0.0633954,0.145798
1780912585412,0.434816,0.0633954,0.145798
1780912585429,0.434846,0.0634368,0.145883
1780912585444,0.434846,0.0634368,0.145883
1780912585460,0.434846,0.0634368,0.145883
1780912585474,0.434819,0.0633583,0.145712
1780912585490,0.433666,0.0654854,0.151004
1780912585507,0.433666,0.0654854,0.151004
1780912585522,0.433704,0.0655281,0.151089
1780912585537,0.433668,0.0654856,0.151004
1780912585552,0.433667,0.0654856,0.151004
1780912585568,0.433705,0.0655283,0.15109
1780912585584,0.433669,0.0654859,0.151004
1780912585600,0.433671,0.0654862,0.151004
1780912585617,0.433708,0.0655287,0.15109
1780912585632,0.433666,0.0654478,0.150918
1780912585649,0.433706,0.0655285,0.151089
1780912585664,0.433706,0.0655285,0.151089
1780912585680,0.433706,0.0655284,0.151089
1780912585697,0.433669,0.0654858,0.151004
1780912585713,0.433664,0.0654475,0.150918
1780912585728,0.433705,0.0655282,0.151089
1780912585744,0.433668,0.0654856,0.151004
1780912585761,0.433704,0.0655282,0.151089
1780912585777,0.433668,0.0654856,0.151004
1780912585793,0.433668,0.0654857,0.151004
1780912585809,0.433669,0.0654858,0.151004
1780912585824,0.433707,0.0655285,0.151089
1780912585840,0.433666,0.0654478,0.150918
1780912585856,0.433671,0.065486,0.151004
1780912585872,0.43367,0.065486,0.151004
1780912585889,0.433706,0.0655284,0.151089
1780912585905,0.43367,0.0654859,0.151004
1780912585921,0.433706,0.0655284,0.151089
1780912585936,0.433706,0.0655284,0.151089
1780912585952,0.433665,0.0654476,0.150917
1780912585968,0.433669,0.0654858,0.151004
1780912585984,0.433706,0.0655284,0.151089
1780912586001,0.431967,0.0671545,0.155462
1780912586016,0.431967,0.0671545,0.155462
1780912586032,0.431926,0.0671113,0.155377
1780912586047,0.431923,0.0671107,0.155377
1780912586064,0.431922,0.0671106,0.155377
1780912586079,0.431912,0.0670715,0.15529
1780912586095,0.431961,0.0671536,0.155462
1780912586111,0.431961,0.0671536,0.155462
1780912586126,0.431912,0.0670716,0.15529
1780912586141,0.431962,0.0671537,0.155462
1780912586157,0.431962,0.0671537,0.155462
1780912586173,0.431962,0.0671537,0.155462
1780912586190,0.431921,0.0671104,0.155377
1780912586206,0.431921,0.0671105,0.155377
1780912586221,0.431921,0.0671105,0.155377
1780912586237,0.431921,0.0671105,0.155377
1780912586253,0.431922,0.0671105,0.155377
1780912586269,0.431962,0.0671538,0.155462
1780912586284,0.431962,0.0671538,0.155462
1780912586299,0.431962,0.0671538,0.155462
1780912586315,0.431922,0.0671105,0.155377
1780912586332,0.431962,0.0671537,0.155462
1780912586347,0.431962,0.0671537,0.155462
1780912586362,0.431962,0.0671537,0.155462
1780912586378,0.431912,0.0670716,0.15529
1780912586394,0.431921,0.0671104,0.155377
1780912586411,0.431921,0.0671104,0.155377
1780912586426,0.431962,0.0671537,0.155462
1780912586441,0.431962,0.0671537,0.155462
1780912586457,0.431962,0.0671537,0.155462
1780912586474,0.431921,0.0671105,0.155377
1780912586490,0.431921,0.0671105,0.155377
1780912586506,0.431962,0.0671537,0.155462
1780912586522,0.430221,0.0688402,0.160011
1780912586537,0.430221,0.0688402,0.160011
1780912586553,0.430175,0.068767,0.159858
1780912586568,0.430179,0.068801,0.159936
1780912586584,0.430214,0.0688392,0.160012
1780912586600,0.430213,0.0688391,0.160012
1780912586616,0.430175,0.0688003,0.159936
1780912586631,0.430178,0.0688007,0.159936
1780912586646,0.43018,0.0688011,0.159935
1780912586662,0.430176,0.0687672,0.159858
1780912586678,0.430223,0.0688405,0.160011
1780912586694,0.430174,0.0687669,0.159858
1780912586709,0.43022,0.0688401,0.160011
1780912586725,0.430219,0.0688399,0.160011
1780912586740,0.430218,0.0688398,0.160011
1780912586757,0.43022,0.06884,0.160011
1780912586773,0.430182,0.0688013,0.159935
1780912586789,0.430223,0.0688405,0.160011
1780912586804,0.430223,0.0688406,0.160011
1780912586821,0.430229,0.0688413,0.160011
1780912586836,0.43019,0.0688026,0.159935
1780912586852,0.430225,0.0688409,0.160011
1780912586868,0.430183,0.0688015,0.159935
1780912586884,0.430215,0.0688393,0.160011
1780912586900,0.430173,0.0688,0.159936
1780912586917,0.430171,0.0687998,0.159936
1780912586933,0.430213,0.0688391,0.160012
1780912586948,0.430215,0.0688394,0.160011
1780912586965,0.430215,0.0688394,0.160011
1780912586981,0.430172,0.0687666,0.159858
1780912586996,0.430219,0.0688399,0.160011
1780912587010,0.430218,0.0688398,0.160011
1780912587026,0.429181,0.070365,0.163952
1780912587041,0.429187,0.0703669,0.163954
1780912587057,0.429196,0.0704108,0.164053
1780912587073,0.429213,0.0704138,0.164053
1780912587089,0.429252,0.0704205,0.164054
1780912587104,0.429274,0.0704239,0.164054
1780912587120,0.429304,0.0704285,0.164053
1780912587137,0.429319,0.0704304,0.164051
1780912587153,0.429342,0.0704749,0.164146
1780912587169,0.429342,0.0704749,0.164146
1780912587184,0.429339,0.0704738,0.164145
1780912587201,0.429328,0.070388,0.163949
1780912587217,0.429329,0.070472,0.164144
1780912587233,0.429308,0.0704272,0.164048
1780912587249,0.429324,0.0704713,0.164145
1780912587265,0.429305,0.0704269,0.164049
1780912587280,0.429325,0.0704719,0.164146
1780912587297,0.42933,0.070473,0.164146
1780912587313,0.429315,0.0704293,0.16405
1780912587329,0.429336,0.0704741,0.164147
1780912587345,0.429321,0.0704303,0.16405
1780912587361,0.42934,0.0704747,0.164147
1780912587377,0.429325,0.0704308,0.16405
1780912587393,0.429342,0.0704749,0.164146
1780912587409,0.429342,0.0704748,0.164146
1780912587425,0.429342,0.0704747,0.164146
1780912587441,0.429341,0.0704747,0.164146
1780912587457,0.429323,0.0704304,0.16405
1780912587473,0.429337,0.0703903,0.163951
1780912587489,0.429322,0.0704303,0.16405
1780912587504,0.429337,0.0703903,0.163951
1780912587520,0.429339,0.0704744,0.164146
1780912587537,0.441249,0.0658181,0.149163
1780912587553,0.44124,0.0658165,0.149163
1780912587569,0.441408,0.0656371,0.148699
1780912587585,0.441183,0.0658067,0.14916
1780912587601,0.44137,0.0656302,0.148697
1780912587617,0.441592,0.0654572,0.14823
1780912587633,0.441176,0.0658051,0.149158
1780912587649,0.441181,0.0658061,0.149159
1780912587665,0.441181,0.0658061,0.149159
1780912587681,0.441181,0.0658061,0.149159
1780912587697,0.441183,0.0658063,0.149159
1780912587713,0.441386,0.065633,0.148697
1780912587728,0.441401,0.0656354,0.148698
1780912587745,0.441406,0.0656363,0.148698
1780912587761,0.44163,0.0654639,0.148232
1780912587777,0.441396,0.0656346,0.148698
1780912587793,0.441192,0.0658082,0.14916
1780912587809,0.441386,0.065633,0.148698
1780912587825,0.441189,0.0658077,0.14916
1780912587841,0.441189,0.0658077,0.14916
1780912587857,0.441189,0.0658077,0.14916
1780912587873,0.441188,0.0658076,0.14916
1780912587889,0.441188,0.0658076,0.14916
1780912587905,0.441607,0.0654601,0.148232
1780912587921,0.441189,0.0658076,0.14916
1780912587937,0.441188,0.0658075,0.14916
1780912587953,0.441382,0.0656325,0.148698
1780912587969,0.441382,0.0656325,0.148698
1780912587985,0.441384,0.0656327,0.148698
1780912588001,0.442231,0.0649295,0.146823
1780912588017,0.441191,0.065808,0.14916
1780912588033,0.441191,0.065808,0.14916
1780912588049,0.441191,0.065808,0.14916
1780912588065,0.456649,0.0515191,0.11282
1780912588080,0.456649,0.0515191,0.11282
1780912588096,0.456649,0.0515191,0.11282
1780912588112,0.456673,0.0513621,0.11247
1780912588128,0.45664,0.0515181,0.11282
1780912588144,0.456788,0.0510597,0.11178
1780912588160,0.456688,0.0513637,0.11247
1780912588176,0.45669,0.051364,0.11247
1780912588192,0.456653,0.0515196,0.11282
1780912588208,0.456741,0.0512113,0.112123
1780912588224,0.456686,0.0513635,0.11247
1780912588240,0.456743,0.0512115,0.112123
1780912588256,0.456687,0.0513637,0.11247
1780912588272,0.456685,0.0513634,0.11247
1780912588288,0.456648,0.051519,0.11282
1780912588304,0.456648,0.051519,0.11282
1780912588320,0.45665,0.0515192,0.11282
1780912588336,0.45665,0.0515192,0.11282
1780912588352,0.456742,0.0512114,0.112123
1780912588368,0.45665,0.0515192,0.11282
1780912588384,0.456682,0.0513631,0.11247
1780912588400,0.456646,0.0515188,0.11282
1780912588416,0.456786,0.0510594,0.11178
1780912588431,0.456648,0.051519,0.11282
1780912588447,0.45665,0.0515191,0.11282
1780912588462,0.456685,0.0513635,0.11247
1780912588478,0.456788,0.0510597,0.11178
1780912588494,0.456686,0.0513635,0.11247
1780912588510,0.456741,0.0512113,0.112123
1780912588526,0.456649,0.0515191,0.11282
1780912588542,0.456685,0.0513634,0.11247
1780912588557,0.456739,0.0512111,0.112123
1780912588573,0.453533,0.0456907,0.100744
1780912588589,0.453448,0.0455904,0.100542
1780912588605,0.453538,0.045691,0.100743
1780912588621,0.453599,0.0457437,0.100846
1780912588637,0.453599,0.0457437,0.100846
1780912588653,0.453538,0.045691,0.100743
1780912588669,0.4536,0.0457437,0.100846
1780912588685,0.4536,0.0457438,0.100846
1780912588701,0.45354,0.0456912,0.100743
1780912588717,0.453602,0.0457439,0.100846
1780912588733,0.453542,0.0456913,0.100743
1780912588749,0.453602,0.045744,0.100846
1780912588765,0.453496,0.0456407,0.100642
1780912588781,0.453598,0.0457436,0.100846
1780912588797,0.453537,0.0456909,0.100744
1780912588813,0.453536,0.0456909,0.100744
1780912588829,0.453599,0.0457437,0.100846
1780912588845,0.453599,0.0457437,0.100846
1780912588861,0.453539,0.0456911,0.100743
1780912588878,0.4536,0.0457437,0.100846
1780912588893,0.453539,0.0456911,0.100743
1780912588909,0.453539,0.0456911,0.100743
1780912588925,0.4536,0.0457438,0.100846
1780912588941,0.453496,0.0456407,0.100642
1780912588957,0.4536,0.0457437,0.100846
1780912588973,0.453495,0.0456406,0.100642
1780912588989,0.4536,0.0457437,0.100846
1780912589005,0.453539,0.0456911,0.100743
1780912589021,0.453495,0.0456406,0.100642
1780912589037,0.453599,0.0457437,0.100846
1780912589053,0.453599,0.0457437,0.100846
1780912589070,0.453599,0.0457437,0.100846
1780912589084,0.453599,0.0457437,0.100846
1780912589100,0.450334,0.0459729,0.102086
1780912589116,0.450351,0.0460073,0.102159
1780912589131,0.450334,0.0459729,0.102086
1780912589147,0.450351,0.0460073,0.102159
1780912589163,0.450351,0.0460073,0.102159
1780912589179,0.450351,0.0460073,0.102159
1780912589195,0.450334,0.0459729,0.102086
1780912589211,0.450334,0.0459401,0.102014
1780912589226,0.45035,0.0460072,0.102159
1780912589241,0.450334,0.0459729,0.102086
1780912589257,0.450351,0.0460073,0.102159
1780912589273,0.450351,0.0460073,0.102159
1780912589289,0.450334,0.0459729,0.102086
1780912589305,0.450351,0.0460073,0.102159
1780912589321,0.45035,0.0460072,0.102159
1780912589337,0.450351,0.0460073,0.102159
1780912589353,0.450334,0.0459729,0.102086
1780912589369,0.450335,0.045973,0.102086
1780912589385,0.450335,0.0459402,0.102013
1780912589400,0.450351,0.0460073,0.102159
1780912589416,0.450351,0.0460073,0.102159
1780912589432,0.450334,0.0459729,0.102086
1780912589447,0.450335,0.0459402,0.102013
1780912589463,0.450351,0.0460073,0.102159
1780912589479,0.450335,0.0459402,0.102013
1780912589494,0.450334,0.0459729,0.102086
1780912589510,0.450351,0.0460073,0.102159
1780912589526,0.450351,0.0460073,0.102159
1780912589541,0.450351,0.0460073,0.102159
1780912589557,0.450351,0.0460073,0.102159
1780912589573,0.450351,0.0460073,0.102159
1780912589589,0.450334,0.0459729,0.102086
1780912589605,0.450351,0.0460073,0.102159
1780912589621,0.44932,0.0467026,0.10394
1780912589637,0.449308,0.0466709,0.103873
1780912589653,0.44932,0.0467026,0.10394
1780912589669,0.449308,0.046671,0.103873
1780912589685,0.44932,0.0467026,0.10394
1780912589701,0.449308,0.0466709,0.103873
1780912589717,0.449308,0.0466709,0.103873
1780912589733,0.449308,0.0466709,0.103873
1780912589749,0.44932,0.0467026,0.10394
1780912589765,0.44932,0.0467026,0.10394
1780912589781,0.44932,0.0467026,0.10394
1780912589796,0.44932,0.0467026,0.10394
1780912589812,0.44932,0.0467026,0.10394
1780912589827,0.44932,0.0467026,0.10394
1780912589842,0.44932,0.0467026,0.10394
1780912589857,0.449308,0.046671,0.103873
1780912589873,0.449308,0.0466709,0.103873
1780912589889,0.449308,0.0466709,0.103873
1780912589905,0.44932,0.0467026,0.10394
1780912589921,0.449308,0.0466709,0.103873
1780912589937,0.449308,0.0466709,0.103873
1780912589953,0.449308,0.0466709,0.103873
1780912589968,0.449313,0.046641,0.103805
1780912589984,0.44932,0.0467026,0.10394
1780912590000,0.449308,0.0466709,0.103873
1780912590016,0.44932,0.0467026,0.10394
1780912590032,0.449313,0.046641,0.103805
1780912590047,0.44932,0.0467026,0.10394
1780912590063,0.449313,0.046641,0.103805
1780912590079,0.449308,0.0466709,0.103873
1780912590095,0.449313,0.046641,0.103805
1780912590111,0.44932,0.0467026,0.10394
1780912590127,0.449308,0.0466709,0.103873
1780912590143,0.448565,0.0477638,0.106481
1780912590159,0.448568,0.0477383,0.106424
1780912590175,0.448564,0.0477637,0.106481
1780912590191,0.448568,0.0477641,0.106481
1780912590207,0.448568,0.0477641,0.106481
1780912590223,0.448573,0.0477905,0.106539
1780912590238,0.448546,0.0477619,0.106482
1780912590253,0.448557,0.0477888,0.106539
1780912590269,0.448545,0.0477359,0.106424
1780912590285,0.448564,0.0477895,0.106539
1780912590301,0.448564,0.0477895,0.106539
1780912590317,0.448579,0.0477911,0.106539
1780912590333,0.448573,0.0477389,0.106424
1780912590349,0.448571,0.0477645,0.106481
1780912590365,0.448571,0.0477645,0.106482
1780912590381,0.44857,0.0477644,0.106482
1780912590396,0.448569,0.0477643,0.106482
1780912590411,0.448582,0.0477914,0.106539
1780912590427,0.44857,0.0477385,0.106424
1780912590442,0.44858,0.0477913,0.106539
1780912590457,0.44858,0.0477912,0.106539
1780912590473,0.44857,0.0477385,0.106424
1780912590489,0.44857,0.0477127,0.106366
1780912590505,0.448568,0.0477641,0.106481
1780912590521,0.448568,0.0477642,0.106481
1780912590537,0.448569,0.0477643,0.106481
1780912590553,0.448569,0.0477643,0.106481
1780912590569,0.448583,0.0477915,0.106539
1780912590585,0.448583,0.0477915,0.106539
1780912590601,0.448573,0.0477388,0.106424
1780912590617,0.448569,0.0477643,0.106481
1780912590633,0.448568,0.0477642,0.106481
1780912590649,0.448552,0.0487043,0.108581
1780912590665,0.448566,0.0486606,0.10848
1780912590682,0.448654,0.0486233,0.108376
1780912590697,0.448635,0.048667,0.108478
1780912590713,0.448652,0.0487135,0.108578
1780912590729,0.448665,0.0487148,0.108577
1780912590745,0.448637,0.0487121,0.108578
1780912590761,0.44868,0.0486256,0.108375
1780912590777,0.448598,0.0486633,0.108479
1780912590793,0.448567,0.0487055,0.10858
1780912590809,0.448569,0.0486604,0.108479
1780912590825,0.448544,0.0487031,0.10858
1780912590841,0.448587,0.0486621,0.108479
1780912590857,0.448597,0.0486631,0.108478
1780912590872,0.448578,0.0487064,0.10858
1780912590888,0.448582,0.0487068,0.10858
1780912590904,0.448729,0.048584,0.10827
1780912590921,0.448588,0.0487075,0.10858
1780912590936,0.448588,0.0487075,0.10858
1780912590953,0.448654,0.0486231,0.108375
1780912590969,0.448565,0.0487053,0.10858
1780912590984,0.448633,0.048621,0.108376
1780912591000,0.44855,0.0487038,0.108581
1780912591016,0.448548,0.0487036,0.108581
1780912591032,0.448622,0.0486199,0.108376
1780912591047,0.448575,0.0486611,0.108479
1780912591062,0.448546,0.0487033,0.108581
1780912591077,0.448552,0.048704,0.10858
1780912591093,0.448585,0.0486621,0.108479
1780912591109,0.448555,0.0487042,0.10858
1780912591125,0.448555,0.0487043,0.10858
1780912591141,0.456784,0.0454213,0.0994373
1780912591157,0.45679,0.0454214,0.099436
1780912591173,0.456736,0.0454148,0.0994334
1780912591190,0.456639,0.0454063,0.0994359
1780912591205,0.45671,0.0453088,0.099207
1780912591221,0.456692,0.045308,0.0992091
1780912591237,0.456708,0.0453106,0.0992114
1780912591254,0.456923,0.0452261,0.0989796
1780912591269,0.456841,0.0453239,0.0992116
1780912591285,0.456745,0.0454201,0.099443
1780912591301,0.456913,0.0454346,0.0994383
1780912591316,0.456911,0.0454343,0.0994379
1780912591331,0.457032,0.0453402,0.0992057
1780912591346,0.456971,0.0453345,0.0992066
1780912591362,0.456938,0.0453316,0.0992074
1780912591378,0.456888,0.0453272,0.0992086
1780912591394,0.456859,0.0453247,0.0992095
1780912591410,0.456806,0.0453202,0.0992112
1780912591425,0.456926,0.0452262,0.0989794
1780912591441,0.456786,0.0453188,0.0992123
1780912591457,0.456926,0.0452265,0.0989799
1780912591472,0.4568,0.0453202,0.0992123
1780912591488,0.456683,0.0454144,0.099444
1780912591504,0.456824,0.0453223,0.0992118
1780912591521,0.456709,0.0454166,0.0994432
1780912591536,0.456708,0.0454165,0.0994431
1780912591552,0.456957,0.0452291,0.0989789
1780912591568,0.456696,0.0454153,0.0994432
1780912591584,0.456955,0.0452289,0.0989788
1780912591600,0.456706,0.0454161,0.0994428
1780912591616,0.45684,0.0453234,0.0992106
1780912591632,0.456713,0.0454166,0.0994424
1780912591647,0.456709,0.0454163,0.0994424
1780912591663,0.473484,0.0391366,0.0826567
1780912591679,0.4735,0.039138,0.0826569
1780912591695,0.473613,0.0391473,0.0826567
1780912591711,0.474314,0.0389947,0.0822128
1780912591727,0.473888,0.0391681,0.0826527
1780912591743,0.473956,0.039173,0.082651
1780912591759,0.473969,0.0391738,0.0826505
1780912591774,0.473958,0.0391727,0.0826502
1780912591790,0.474147,0.039084,0.0824301
1780912591805,0.474109,0.0390811,0.0824306
1780912591820,0.474049,0.0390767,0.0824316
1780912591836,0.47399,0.0390723,0.0824328
1780912591852,0.473703,0.0391537,0.0826545
1780912591868,0.473917,0.0390671,0.0824345
1780912591884,0.473887,0.0390651,0.0824355
1780912591900,0.473668,0.0391516,0.0826561
1780912591916,0.473903,0.0390665,0.0824356
1780912591932,0.473697,0.0391538,0.0826558
1780912591947,0.473929,0.0390684,0.0824353
1780912591962,0.473917,0.0390675,0.0824352
1780912591978,0.473906,0.0390666,0.0824353
1780912591994,0.473918,0.0390675,0.0824351
1780912592010,0.473951,0.03907,0.0824345
1780912592026,0.473967,0.0390711,0.0824342
1780912592042,0.473754,0.0391577,0.0826542
1780912592058,0.473978,0.0390718,0.0824337
1780912592074,0.473967,0.039071,0.0824338
1780912592090,0.473934,0.0390685,0.0824344
1780912592106,0.473918,0.0390673,0.0824347
1780912592122,0.473679,0.0391521,0.0826554
1780912592138,0.473889,0.0390653,0.0824356
1780912592154,0.473664,0.0391512,0.0826561
1780912592170,0.474141,0.0389818,0.0822157
1780912592186,0.499893,0.0342376,0.0684899
1780912592202,0.500135,0.034169,0.0683194
1780912592217,0.500265,0.0340934,0.0681506
1780912592233,0.499913,0.0341546,0.068321
1780912592249,0.500091,0.0340821,0.0681519
1780912592265,0.49946,0.0342095,0.0684929
1780912592281,0.499651,0.0341377,0.0683232
1780912592297,0.499366,0.0342035,0.0684939
1780912592313,0.499903,0.0340702,0.0681536
1780912592329,0.49937,0.0342039,0.0684942
1780912592345,0.49937,0.0342039,0.0684942
1780912592361,0.499412,0.0342067,0.068494
1780912592377,0.499422,0.0342073,0.0684939
1780912592393,0.499416,0.0342069,0.0684938
1780912592409,0.499677,0.0341396,0.0683233
1780912592425,0.499686,0.0341401,0.0683232
1780912592441,0.499714,0.034142,0.0683231
1780912592457,0.499487,0.0342115,0.0684933
1780912592472,0.499762,0.034145,0.0683226
1780912592487,0.499747,0.0341441,0.0683227
1780912592503,0.499715,0.034142,0.0683228
1780912592519,0.500212,0.0340064,0.0679841
1780912592535,0.499645,0.0341374,0.0683234
1780912592551,0.49963,0.0341365,0.0683235
1780912592567,0.499363,0.0342034,0.0684941
1780912592583,0.499375,0.0342042,0.0684941
1780912592598,0.499379,0.0342045,0.0684941
1780912592613,0.49966,0.0341385,0.0683235
1780912592629,0.499405,0.0342062,0.0684939
1780912592645,0.499679,0.0341397,0.0683233
1780912592661,0.499411,0.0342066,0.0684939
1780912592677,0.499677,0.0341396,0.0683233
1780912592693,0.499946,0.034073,0.0681534
1780912592709,0.525192,0.0309473,0.0589257
1780912592725,0.525409,0.0309018,0.0588147
1780912592741,0.525373,0.0308997,0.0588147
1780912592757,0.525384,0.0309004,0.0588148
1780912592773,0.525168,0.0309459,0.0589257
1780912592789,0.525186,0.030947,0.0589257
1780912592805,0.525461,0.030905,0.058815
1780912592821,0.525221,0.0309491,0.0589258
1780912592837,0.525232,0.0309498,0.0589258
1780912592853,0.525225,0.0309493,0.0589258
1780912592868,0.525205,0.0309481,0.0589257
1780912592884,0.525176,0.0309464,0.0589257
1780912592900,0.526181,0.0307741,0.0584858
1780912592916,0.525159,0.0309453,0.0589256
1780912592932,0.525196,0.0309476,0.0589257
1780912592947,0.5252,0.0309478,0.0589257
1780912592962,0.52571,0.0308616,0.0587046
1780912592977,0.525422,0.0309026,0.0588148
1780912592993,0.525166,0.0309457,0.0589256
1780912593009,0.52539,0.0309007,0.0588148
1780912593025,0.525664,0.0308589,0.0587046
1780912593041,0.525165,0.0309457,0.0589257
1780912593056,0.525165,0.0309457,0.0589257
1780912593071,0.525176,0.0309463,0.0589257
1780912593087,0.52519,0.0309472,0.0589257
1780912593102,0.52545,0.0309043,0.0588149
1780912593117,0.525443,0.0309039,0.0588149
1780912593134,0.5257,0.030861,0.0587046
1780912593149,0.525164,0.0309456,0.0589256
1780912593165,0.525413,0.0309021,0.0588148
1780912593181,0.525151,0.0309448,0.0589256
1780912593196,0.547018,0.0292993,0.0535617
1780912593211,0.547041,0.0293005,0.0535619
1780912593227,0.547041,0.0293005,0.0535619
1780912593243,0.547041,0.0293005,0.0535619
1780912593259,0.547288,0.0292715,0.0534846
1780912593275,0.547119,0.0293048,0.0535619
1780912593291,0.547279,0.0292709,0.0534844
1780912593306,0.547249,0.0292692,0.0534842
1780912593321,0.547395,0.0292347,0.053407
1780912593337,0.547217,0.0292674,0.0534841
1780912593353,0.547073,0.029302,0.0535615
1780912593369,0.547078,0.0293023,0.0535615
1780912593384,0.547082,0.0293025,0.0535615
1780912593400,0.54723,0.029268,0.0534839
1780912593416,0.547053,0.0293009,0.0535613
1780912593432,0.547176,0.0292651,0.0534839
1780912593447,0.547185,0.0292657,0.053484
1780912593463,0.547396,0.0292348,0.0534072
1780912593479,0.547065,0.0293017,0.0535617
1780912593494,0.54726,0.0292699,0.0534844
1780912593510,0.547097,0.0293035,0.0535618
1780912593526,0.547097,0.0293035,0.0535618
1780912593543,0.547098,0.0293035,0.0535618
1780912593558,0.547093,0.0293033,0.0535617
1780912593574,0.547242,0.0292688,0.0534842
1780912593590,0.547053,0.029301,0.0535616
1780912593606,0.547213,0.0292672,0.0534841
1780912593623,0.5472,0.0292665,0.0534841
1780912593638,0.547196,0.0292663,0.0534841
1780912593654,0.547026,0.0292995,0.0535615
1780912593670,0.547193,0.0292661,0.0534841
1780912593686,0.547194,0.0292662,0.0534841
1780912593702,0.547202,0.0292666,0.0534842
1780912593717,0.547032,0.0292999,0.0535616
1780912593732,0.556028,0.0280092,0.0503736
1780912593747,0.556003,0.0280078,0.0503736
1780912593762,0.555951,0.0280052,0.0503735
1780912593778,0.555896,0.0280321,0.0504269
1780912593794,0.556019,0.0279791,0.0503204
1780912593810,0.555931,0.0280337,0.0504267
1780912593826,0.555981,0.0280065,0.0503732
1780912593842,0.555898,0.028032,0.0504264
1780912593858,0.555885,0.0280313,0.0504265
1780912593874,0.555885,0.0280313,0.0504265
1780912593890,0.555876,0.028031,0.0504267
1780912593906,0.555946,0.0280049,0.0503735
1780912593922,0.555969,0.0280062,0.0503736
1780912593938,0.555978,0.0280066,0.0503737
1780912593954,0.555955,0.0280352,0.0504271
1780912593970,0.556019,0.0280087,0.0503737
1780912593986,0.555965,0.0280356,0.050427
1780912594002,0.556077,0.0279821,0.0503205
1780912594018,0.55606,0.0279812,0.0503204
1780912594034,0.555926,0.0280336,0.0504269
1780912594051,0.555926,0.0280336,0.0504269
1780912594066,0.55596,0.0280057,0.0503735
1780912594081,0.556015,0.0279789,0.0503204
1780912594097,0.555897,0.0280321,0.0504269
1780912594113,0.555896,0.0280321,0.0504269
1780912594129,0.55595,0.0280052,0.0503735
1780912594145,0.555898,0.0280322,0.0504269
1780912594161,0.555902,0.0280325,0.0504269
1780912594177,0.555972,0.0280064,0.0503737
1780912594193,0.555923,0.0280335,0.050427
1780912594209,0.556049,0.0279807,0.0503205
1780912594225,0.555929,0.0280339,0.050427
1780912594241,0.555929,0.0280339,0.050427
1780912594257,0.559983,0.0273203,0.0487877
1780912594273,0.559808,0.0273614,0.0488764
1780912594289,0.559939,0.0273183,0.048788
1780912594305,0.55981,0.0273616,0.0488766
1780912594321,0.559982,0.0273204,0.048788
1780912594337,0.559925,0.0273424,0.0488323
1780912594353,0.560025,0.0273225,0.0487879
1780912594369,0.559884,0.0273652,0.0488765
1780912594385,0.560031,0.0273227,0.0487879
1780912594401,0.559884,0.0273651,0.0488764
1780912594417,0.56,0.0273212,0.0487878
1780912594433,0.559847,0.0273633,0.0488764
1780912594449,0.559972,0.0273198,0.0487878
1780912594466,0.559817,0.0273618,0.0488764
1780912594481,0.560076,0.0272754,0.0486995
1780912594497,0.559863,0.0273393,0.0488321
1780912594513,0.559801,0.027361,0.0488764
1780912594529,0.55987,0.0273396,0.0488321
1780912594545,0.559873,0.0273398,0.0488321
1780912594561,0.559874,0.0273398,0.0488321
1780912594577,0.559812,0.0273616,0.0488764
1780912594593,0.559887,0.0273405,0.0488321
1780912594609,0.559897,0.027341,0.0488321
1780912594625,0.55983,0.0273625,0.0488764
1780912594641,0.559904,0.0273413,0.0488321
1780912594657,0.560043,0.0272985,0.0487436
1780912594673,0.559894,0.0273408,0.0488321
1780912594689,0.559956,0.0273191,0.0487879
1780912594705,0.559945,0.0273185,0.0487879
1780912594721,0.559935,0.0273181,0.0487879
1780912594737,0.559796,0.0273608,0.0488764
1780912594753,0.563596,0.0266877,0.0473526
1780912594769,0.563617,0.0267126,0.047395
1780912594785,0.563671,0.0266679,0.0473111
1780912594801,0.563607,0.0267123,0.0473953
1780912594817,0.563614,0.0266653,0.0473113
1780912594833,0.563544,0.0267094,0.0473954
1780912594849,0.563489,0.0267068,0.0473953
1780912594865,0.563465,0.0267056,0.0473953
1780912594881,0.563465,0.0267056,0.0473953
1780912594897,0.563465,0.0267056,0.0473953
1780912594913,0.563454,0.026705,0.0473953
1780912594929,0.563423,0.0267035,0.0473951
1780912594945,0.563488,0.0266356,0.0472691
1780912594962,0.563428,0.0267038,0.0473952
1780912594977,0.563432,0.026704,0.0473951
1780912594993,0.563548,0.0266148,0.0472273
1780912595009,0.563501,0.0266835,0.047353
1780912595025,0.563522,0.0266845,0.0473531
1780912595041,0.563508,0.0267076,0.0473952
1780912595057,0.563528,0.0266848,0.0473531
1780912595073,0.563524,0.0266846,0.0473532
1780912595089,0.563502,0.0267074,0.0473953
1780912595105,0.563515,0.0266605,0.0473112
1780912595122,0.563443,0.0267045,0.0473952
1780912595137,0.563444,0.0266808,0.0473531
1780912595152,0.563437,0.0266567,0.0473109
1780912595167,0.563396,0.0267022,0.0473951
1780912595183,0.563399,0.0267023,0.047395
1780912595198,0.563404,0.0267026,0.047395
1780912595214,0.563455,0.0266576,0.0473109
1780912595230,0.56344,0.0266805,0.0473529
1780912595246,0.563447,0.0266809,0.047353
1780912595261,0.563461,0.0266816,0.047353
1780912595277,0.561642,0.0259289,0.0461663
1780912595293,0.561494,0.0259014,0.0461294
1780912595309,0.561437,0.0259385,0.0462001
1780912595326,0.561421,0.0259375,0.0461998
1780912595341,0.561415,0.0259367,0.0461988
1780912595357,0.561482,0.0259398,0.0461989
1780912595373,0.561522,0.0259418,0.0461991
1780912595390,0.561614,0.0258865,0.0460931
1780912595406,0.561588,0.0259453,0.0461998
1780912595421,0.561595,0.0258858,0.0460934
1780912595437,0.561538,0.0259431,0.0462001
1780912595452,0.561538,0.0259431,0.0462001
1780912595469,0.561497,0.0258812,0.0460932
1780912595484,0.561401,0.0259165,0.046164
1780912595500,0.561385,0.0259358,0.0461997
1780912595516,0.56138,0.0259155,0.0461639
1780912595533,0.561404,0.0258965,0.0461282
1780912595548,0.561405,0.0259166,0.0461639
1780912595563,0.56141,0.0259169,0.0461639
1780912595580,0.561435,0.0259181,0.0461641
1780912595595,0.561436,0.0259382,0.0461998
1780912595610,0.561449,0.0259389,0.0461999
1780912595626,0.561455,0.0259192,0.0461642
1780912595642,0.561456,0.0259192,0.0461642
1780912595658,0.561468,0.0258997,0.0461286
1780912595673,0.561458,0.0259394,0.0462
1780912595690,0.561454,0.0259392,0.0462
1780912595706,0.561453,0.0259191,0.0461643
1780912595722,0.561433,0.0259382,0.0461999
1780912595737,0.561425,0.0259177,0.0461642
1780912595754,0.561414,0.0259172,0.0461641
1780912595769,0.561424,0.0258976,0.0461284
1780912595785,0.557488,0.0255423,0.0458167
1780912595801,0.557203,0.0255182,0.0457969
1780912595818,0.557065,0.0255119,0.0457969
1780912595833,0.55694,0.025506,0.0457967
1780912595850,0.556834,0.025501,0.0457964
1780912595864,0.55682,0.0255003,0.0457964
1780912595879,0.556554,0.0254651,0.045755
1780912595895,0.556824,0.0255003,0.045796
1780912595912,0.55695,0.0255176,0.0458168
1780912595926,0.557006,0.0255202,0.0458168
1780912595942,0.55693,0.0255053,0.0457962
1780912595958,0.557119,0.0255256,0.0458171
1780912595975,0.557147,0.025527,0.0458173
1780912595991,0.557028,0.02551,0.0457967
1780912596007,0.557027,0.0255101,0.0457968
1780912596022,0.557147,0.0255271,0.0458175
1780912596039,0.557122,0.025526,0.0458176
1780912596054,0.556987,0.0255083,0.0457969
1780912596070,0.557096,0.0255248,0.0458176
1780912596085,0.556967,0.0255073,0.0457968
1780912596102,0.556839,0.02549,0.0457762
1780912596117,0.556848,0.0254904,0.0457762
1780912596133,0.557113,0.0255255,0.0458174
1780912596150,0.556889,0.0254923,0.0457762
1780912596165,0.557016,0.0255096,0.0457968
1780912596181,0.557017,0.0255096,0.0457968
1780912596197,0.557011,0.0255093,0.0457968
1780912596212,0.557136,0.0255265,0.0458175
1780912596228,0.556891,0.0254924,0.0457762
1780912596244,0.557142,0.0255268,0.0458174
1780912596260,0.557023,0.0255099,0.0457968
1780912596276,0.556899,0.0254928,0.0457763
1780912596292,0.556896,0.0254926,0.0457763
1780912596306,0.532725,0.0244899,0.045971
1780912596321,0.533234,0.0245436,0.0460279
1780912596337,0.532567,0.0244671,0.0459418
1780912596351,0.53308,0.0245212,0.0459991
1780912596368,0.53334,0.0245483,0.0460275
1780912596383,0.53337,0.0245497,0.0460276
1780912596400,0.532618,0.0244696,0.045942
1780912596414,0.533097,0.0245222,0.0459994
1780912596430,0.533063,0.0245207,0.0459996
1780912596446,0.533049,0.02452,0.0459996
1780912596461,0.532771,0.0244921,0.0459711
1780912596477,0.533004,0.024518,0.0459997
1780912596494,0.532964,0.0245162,0.0459997
1780912596510,0.532956,0.0245158,0.0459997
1780912596526,0.532941,0.0245151,0.0459996
1780912596541,0.532701,0.0244888,0.045971
1780912596557,0.533213,0.0245427,0.0460279
1780912596574,0.53275,0.024491,0.0459709
1780912596589,0.533002,0.0245179,0.0459995
1780912596605,0.533256,0.0245446,0.0460279
1780912596622,0.532995,0.0245176,0.0459996
1780912596638,0.532727,0.0244901,0.0459711
1780912596654,0.533223,0.0245432,0.0460281
1780912596670,0.53321,0.0245427,0.0460281
1780912596686,0.533207,0.0245425,0.0460281
1780912596702,0.532701,0.0244889,0.0459712
1780912596717,0.532707,0.0244891,0.0459711
1780912596734,0.532469,0.0244629,0.0459423
1780912596750,0.532971,0.0245165,0.0459997
1780912596766,0.532479,0.0244634,0.0459423
1780912596782,0.53298,0.0245169,0.0459997
1780912596798,0.532733,0.0244903,0.0459711
1780912596813,0.532983,0.024517,0.0459997
1780912596830,0.516206,0.0229702,0.0444982
1780912596846,0.516343,0.0230136,0.0445703
1780912596862,0.516353,0.023014,0.0445703
1780912596877,0.516361,0.0230143,0.0445702
1780912596894,0.516367,0.0230146,0.0445702
1780912596910,0.516292,0.0229926,0.044534
1780912596926,0.516372,0.0230148,0.0445702
1780912596942,0.516386,0.0230154,0.0445702
1780912596957,0.516402,0.0230161,0.0445701
1780912596974,0.516418,0.0230168,0.0445701
1780912596990,0.516171,0.0229315,0.0444262
1780912597006,0.516427,0.0230172,0.04457
1780912597021,0.516327,0.0229941,0.0445339
1780912597038,0.516225,0.022971,0.0444981
1780912597054,0.516349,0.0230138,0.0445703
1780912597070,0.516349,0.0230138,0.0445703
1780912597087,0.516325,0.0230128,0.0445703
1780912597102,0.516252,0.0229909,0.0445342
1780912597117,0.516327,0.0230129,0.0445704
1780912597133,0.516195,0.0229697,0.0444982
1780912597148,0.516275,0.0229919,0.0445341
1780912597164,0.516156,0.0229494,0.0444622
1780912597179,0.516292,0.0229926,0.0445341
1780912597194,0.516162,0.0229497,0.0444622
1780912597210,0.516295,0.0229927,0.0445341
1780912597225,0.516159,0.0229495,0.0444622
1780912597239,0.516363,0.0230144,0.0445702
1780912597255,0.51622,0.0229708,0.0444981
1780912597271,0.516358,0.0230142,0.0445702
1780912597286,0.516153,0.0229493,0.0444622
1780912597302,0.516151,0.0229492,0.0444622
1780912597317,0.516215,0.0229706,0.0444981
1780912597333,0.509955,0.0222318,0.0435956
1780912597348,0.51003,0.0222474,0.0436198
1780912597364,0.510003,0.0222337,0.0435952
1780912597380,0.510053,0.0222481,0.0436193
1780912597395,0.510061,0.0222608,0.0436434
1780912597412,0.51003,0.0222595,0.0436434
1780912597429,0.509972,0.022257,0.0436436
1780912597444,0.509947,0.022256,0.0436437
1780912597460,0.509809,0.0222254,0.0435956
1780912597476,0.50991,0.0222546,0.0436441
1780912597492,0.509799,0.0222251,0.0435958
1780912597508,0.509861,0.0222402,0.0436201
1780912597524,0.509926,0.0222554,0.0436443
1780912597539,0.509893,0.0222415,0.04362
1780912597554,0.509963,0.0222568,0.043644
1780912597570,0.509967,0.022257,0.043644
1780912597586,0.509861,0.0222276,0.0435954
1780912597602,0.509966,0.0222568,0.0436437
1780912597617,0.509959,0.0222565,0.0436437
1780912597634,0.509955,0.0222563,0.0436437
1780912597650,0.50989,0.0222411,0.0436195
1780912597666,0.509887,0.0222411,0.0436195
1780912597682,0.509887,0.022241,0.0436195
1780912597697,0.509945,0.0222559,0.0436438
1780912597712,0.509788,0.022212,0.043571
1780912597728,0.509955,0.0222563,0.0436437
1780912597744,0.509952,0.0222562,0.0436437
1780912597760,0.50995,0.0222562,0.0436438
1780912597776,0.509892,0.0222413,0.0436196
1780912597792,0.509895,0.0222415,0.0436197
1780912597807,0.509898,0.0222416,0.0436197
1780912597824,0.509851,0.0222272,0.0435954
1780912597839,0.5098,0.0222125,0.0435711
1780912597854,0.509228,0.0215902,0.042398
1780912597869,0.509174,0.0215882,0.0423984
1780912597886,0.509226,0.0215708,0.04236
1780912597901,0.509303,0.0215545,0.0423216
1780912597918,0.509348,0.0215565,0.0423217
1780912597934,0.509305,0.0215743,0.0423603
1780912597950,0.509398,0.0215585,0.0423215
1780912597967,0.509264,0.0215922,0.0423988
1780912597981,0.509389,0.021558,0.0423213
1780912597997,0.509309,0.0215743,0.0423599
1780912598012,0.509349,0.0215562,0.0423212
1780912598028,0.509274,0.0215728,0.0423599
1780912598044,0.509246,0.0215716,0.0423599
1780912598060,0.50917,0.021588,0.0423985
1780912598077,0.509356,0.0215368,0.0422825
1780912598092,0.509161,0.0215876,0.0423985
1780912598107,0.509161,0.0215876,0.0423985
1780912598124,0.509221,0.0215706,0.0423599
1780912598139,0.509159,0.0215876,0.0423986
1780912598154,0.509226,0.0215708,0.04236
1780912598171,0.509184,0.0215888,0.0423987
1780912598187,0.509255,0.0215721,0.0423601
1780912598203,0.509259,0.0215722,0.04236
1780912598218,0.509326,0.0215553,0.0423213
1780912598234,0.509317,0.0215549,0.0423212
1780912598250,0.509234,0.0215711,0.0423599
1780912598264,0.509161,0.0215877,0.0423985
1780912598280,0.509161,0.0215877,0.0423985
1780912598296,0.509149,0.0215871,0.0423985
1780912598311,0.509149,0.0215871,0.0423985
1780912598328,0.509275,0.0215531,0.0423212
1780912598343,0.509217,0.0215704,0.0423599
1780912598359,0.519381,0.0208089,0.0400649
1780912598375,0.519588,0.0207781,0.0399896
1780912598391,0.519318,0.0208066,0.0400653
1780912598407,0.519501,0.0207746,0.0399896
1780912598423,0.519239,0.0208035,0.0400653
1780912598439,0.519124,0.0208186,0.0401033
1780912598455,0.519083,0.0208169,0.0401032
1780912598471,0.519298,0.0207861,0.0400272
1780912598487,0.51917,0.0208005,0.040065
1780912598503,0.519415,0.020771,0.0399892
1780912598518,0.519068,0.0208162,0.040103
1780912598534,0.519086,0.0208169,0.040103
1780912598550,0.519331,0.0207873,0.0400271
1780912598566,0.5191,0.0208175,0.0401031
1780912598582,0.519099,0.0208175,0.0401032
1780912598598,0.519099,0.0208175,0.0401032
1780912598614,0.519328,0.0207873,0.0400273
1780912598630,0.519207,0.0208021,0.0400652
1780912598645,0.519085,0.020817,0.0401032
1780912598661,0.519082,0.0208169,0.0401032
1780912598677,0.519312,0.0207866,0.0400273
1780912598693,0.519076,0.0208166,0.0401032
1780912598709,0.519538,0.0207564,0.0399517
1780912598724,0.519191,0.0208015,0.0400652
1780912598740,0.519192,0.0208015,0.0400652
1780912598756,0.519312,0.0207866,0.0400272
1780912598772,0.519081,0.0208168,0.0401032
1780912598788,0.519197,0.0208017,0.0400652
1780912598804,0.5192,0.0208018,0.0400652
1780912598820,0.519085,0.020817,0.0401032
1780912598836,0.519436,0.0207719,0.0399894
1780912598852,0.519085,0.020817,0.0401032
1780912598868,0.519085,0.020817,0.0401032
1780912598884,0.527684,0.0201212,0.0381312
1780912598900,0.527783,0.0200908,0.0380665
1780912598916,0.527676,0.020121,0.0381312
1780912598931,0.527755,0.0200898,0.0380665
1780912598947,0.527694,0.0201045,0.0380988
1780912598963,0.527807,0.0200747,0.0380342
1780912598978,0.52773,0.0201059,0.0380988
1780912598994,0.527834,0.0200928,0.0380665
1780912599010,0.527757,0.020124,0.0381312
1780912599026,0.527893,0.0200951,0.0380666
1780912599042,0.527877,0.0200945,0.0380666
1780912599058,0.527773,0.0201247,0.0381313
1780912599074,0.527691,0.0201215,0.0381312
1780912599090,0.52778,0.0200907,0.0380665
1780912599106,0.527818,0.0200751,0.0380342
1780912599122,0.527715,0.0201052,0.0380987
1780912599138,0.527665,0.0201205,0.0381311
1780912599154,0.527729,0.0201058,0.0380987
1780912599170,0.527793,0.0200912,0.0380664
1780912599186,0.527742,0.0201063,0.0380987
1780912599202,0.527851,0.0200764,0.0380342
1780912599218,0.527746,0.0201065,0.0380988
1780912599234,0.527793,0.0200912,0.0380665
1780912599250,0.527736,0.0201061,0.0380988
1780912599266,0.527678,0.020121,0.0381312
1780912599280,0.527676,0.0201209,0.0381312
1780912599295,0.527669,0.0201207,0.0381312
1780912599311,0.527668,0.0201206,0.0381312
1780912599327,0.527666,0.0201205,0.0381312
1780912599343,0.527668,0.0201206,0.0381312
1780912599359,0.527823,0.0200753,0.0380342
1780912599375,0.527775,0.0200905,0.0380664
1780912599391,0.52855,0.0195045,0.036902
1780912599406,0.528534,0.0194934,0.036882
1780912599422,0.528535,0.0195039,0.0369019
1780912599438,0.528547,0.019515,0.036922
1780912599454,0.528499,0.0194816,0.0368621
1780912599470,0.5285,0.0195027,0.0369019
1780912599486,0.528508,0.0195136,0.036922
1780912599502,0.528492,0.0195024,0.0369019
1780912599519,0.528505,0.0195134,0.036922
1780912599534,0.528473,0.0194807,0.0368622
1780912599548,0.528506,0.0195135,0.036922
1780912599563,0.528495,0.0195025,0.036902
1780912599578,0.528501,0.0195027,0.0369019
1780912599594,0.528483,0.0194811,0.0368622
1780912599609,0.528506,0.0195029,0.0369019
1780912599624,0.528487,0.0194812,0.0368622
1780912599639,0.52852,0.019514,0.036922
1780912599654,0.52852,0.019514,0.036922
1780912599670,0.528517,0.0195139,0.036922
1780912599686,0.528516,0.0195138,0.036922
1780912599702,0.528502,0.0195027,0.0369019
1780912599719,0.528491,0.0194918,0.036882
1780912599734,0.528514,0.0195138,0.036922
1780912599750,0.528501,0.0195027,0.0369019
1780912599766,0.528513,0.0195137,0.036922
1780912599782,0.52849,0.0194917,0.036882
1780912599797,0.5285,0.0195027,0.0369019
1780912599812,0.52849,0.0194918,0.036882
1780912599828,0.528501,0.0195027,0.0369019
1780912599843,0.52848,0.0194809,0.0368622
1780912599859,0.528501,0.0195027,0.0369019
1780912599875,0.528492,0.0194918,0.036882
1780912599891,0.528514,0.0195138,0.036922
1780912599907,0.528454,0.0194593,0.036823
1780912599923,0.526691,0.019337,0.0367141
1780912599939,0.526679,0.0193206,0.0366838
1780912599955,0.526688,0.0193369,0.0367141
1780912599971,0.526688,0.0193369,0.0367141
1780912599987,0.526691,0.019337,0.0367142
1780912600003,0.526683,0.0193207,0.0366838
1780912600018,0.526679,0.0193126,0.0366686
1780912600034,0.526693,0.0193371,0.0367141
1780912600050,0.526693,0.0193371,0.0367141
1780912600066,0.526687,0.0193288,0.0366989
1780912600082,0.526693,0.0193371,0.0367141
1780912600098,0.526678,0.0193125,0.0366686
1780912600113,0.526691,0.019337,0.0367141
1780912600128,0.526684,0.0193288,0.0366989
1780912600144,0.526684,0.0193287,0.036699
1780912600160,0.52669,0.019337,0.0367141
1780912600175,0.52669,0.019337,0.0367141
1780912600191,0.52669,0.019337,0.0367141
1780912600207,0.52669,0.019337,0.0367141
1780912600224,0.52669,0.019337,0.0367141
